age_group,hospitalization,icu,death,seekcare
1,0.0164,0.0187,0.00076508,0.02986959
2,0.0351,0.0301,0.0030175,0.036740487
3,0.0551,0.0547,0.007875832,0.058506207
4,0.0861,0.0982,0.019583721,0.088154094
5,0.2133,0.2629,0.10101968,0.152715273
6,0.1475,0.1714,0.123875484,0.269111307
7,0.4464,0.364,0.743862703,0.328575745
